<?xml version="1.0"?>
<Runs Version="1" Minor="0">
	<Run Id="main_auto_pc_0_synth_1" LaunchDir="D:/fpga/xilinx/zynq/arty_z7/exam/ex_01/prj/prj.runs/main_auto_pc_0_synth_1" FlowId="Vivado_Synthesis" FromStepId="vivado" ToStepId="vivado"/>
	<Run Id="synth_1" LaunchDir="D:/fpga/xilinx/zynq/arty_z7/exam/ex_01/prj/prj.runs/synth_1" FlowId="Vivado_Synthesis" FromStepId="vivado" ToStepId="vivado">
		<Parent Id="main_auto_pc_0_synth_1"/>
	</Run>
	<Run Id="impl_1" LaunchDir="D:/fpga/xilinx/zynq/arty_z7/exam/ex_01/prj/prj.runs/impl_1" FlowId="Vivado_Implementation" FromStepId="init_design" ToStepId="write_bitstream">
		<Parent Id="synth_1"/>
		<Parent Id="main_auto_pc_0_synth_1"/>
	</Run>
</Runs>

