<?xml version="1.0" encoding="UTF-8"?>
<GenRun Id="synth_1" LaunchPart="xc7z020clg400-1" LaunchTime="1493393228">
  <File Type="RDS-PROPCONSTRS" Name="main_wrapper_drc_synth.rpt"/>
  <File Type="PA-TCL" Name="main_wrapper.tcl"/>
  <File Type="RDS-RDS" Name="main_wrapper.vds"/>
  <File Type="RDS-UTIL" Name="main_wrapper_utilization_synth.rpt"/>
  <File Type="RDS-UTIL-PB" Name="main_wrapper_utilization_synth.pb"/>
  <File Type="RDS-DCP" Name="main_wrapper.dcp"/>
  <File Type="VDS-TIMINGSUMMARY" Name="main_wrapper_timing_summary_synth.rpt"/>
  <File Type="VDS-TIMING-PB" Name="main_wrapper_timing_summary_synth.pb"/>
  <FileSet Name="sources" Type="DesignSrcs" RelSrcDir="$PSRCDIR/sources_1">
    <Filter Type="Srcs"/>
    <File Path="$PSRCDIR/sources_1/bd/main/main.bd">
      <FileInfo>
        <Attr Name="UsedIn" Val="synthesis"/>
        <Attr Name="UsedIn" Val="implementation"/>
        <Attr Name="UsedIn" Val="simulation"/>
      </FileInfo>
    </File>
    <File Path="$PSRCDIR/sources_1/bd/main/hdl/main_wrapper.vhd">
      <FileInfo>
        <Attr Name="UsedIn" Val="synthesis"/>
        <Attr Name="UsedIn" Val="simulation"/>
      </FileInfo>
    </File>
    <Config>
      <Option Name="DesignMode" Val="RTL"/>
      <Option Name="TopModule" Val="main_wrapper"/>
      <Option Name="TopAutoSet" Val="TRUE"/>
    </Config>
  </FileSet>
  <FileSet Name="constrs_in" Type="Constrs" RelSrcDir="$PSRCDIR/constrs_1">
    <Filter Type="Constrs"/>
    <Config>
      <Option Name="ConstrsType" Val="XDC"/>
    </Config>
  </FileSet>
  <Strategy Version="1" Minor="2">
    <StratHandle Name="Vivado Synthesis Defaults" Flow="Vivado Synthesis 2017">
      <Desc>Vivado Synthesis Defaults</Desc>
    </StratHandle>
    <Step Id="synth_design"/>
  </Strategy>
  <BlockFileSet Type="BlockSrcs" Name="main_axi_gpio_0_0"/>
  <BlockFileSet Type="BlockSrcs" Name="main_proc_sys_reset_0_0"/>
  <BlockFileSet Type="BlockSrcs" Name="main_processing_system7_0_0"/>
  <BlockFileSet Type="BlockSrcs" Name="main_auto_pc_0"/>
</GenRun>
